{
  "min": [
    305.0,
    18.4303035736084,
    50.0,
    2.238095283508301,
    0.0,
    0.0,
    0.9687879085540771,
    0.0,
    1.0
  ],
  "max": [
    966.0,
    34.70571517944336,
    72.78947448730469,
    37.129032135009766,
    1.0,
    1.0,
    1.0324324369430542,
    6.0,
    12.0
  ],
  "scale": [
    0.0015128592494875193,
    0.06144237890839577,
    0.043879907578229904,
    0.028660736978054047,
    1.0,
    1.0,
    15.71226978302002,
    0.1666666716337204,
    0.09090909361839294
  ],
  "feature_cols": [
    "unitsSold",
    "temperature",
    "humidity",
    "rainfall",
    "festivalEffect",
    "promoActive",
    "competitorPriceIndex",
    "dayOfWeek",
    "month"
  ],
  "sequence_length": 30,
  "forecast_days": 7,
  "error_std": 61.64486224921736,
  "mape": 21.81865744441169,
  "test_mae": 0.12549786269664764
}